[{"model": "application.userdetails", "pk": "0833bdaf-bf97-4490-a4f3-1e16839321ed", "fields": {"email": "a@bbbb.com", "mobile_number": "07557986930", "add_phone_number": "", "email_expiry_date": null, "sms_expiry_date": null, "magic_link_email": null, "magic_link_sms": null, "security_question": null, "security_answer": null}}, {"model": "application.userdetails", "pk": "1320cd43-e401-4065-823f-5409ee93672f", "fields": {"email": "cheese@cheese.com", "mobile_number": "07864647894", "add_phone_number": "07864647894", "email_expiry_date": 0, "sms_expiry_date": 1519841277, "magic_link_email": "O712QKOL57AO", "magic_link_sms": "02041", "security_question": "Cheese?", "security_answer": "Cheese"}}, {"model": "application.userdetails", "pk": "2ad7d970-da6b-4dfb-b8d2-43d4ffa08a49", "fields": {"email": "hkjhj@kjhkh.com", "mobile_number": "07783446526", "add_phone_number": "", "email_expiry_date": null, "sms_expiry_date": null, "magic_link_email": null, "magic_link_sms": null, "security_question": "jhlkjhlkjh", "security_answer": "lhlkjh"}}, {"model": "application.userdetails", "pk": "6658c330-a90a-47ea-9244-13a4bfa167fd", "fields": {"email": "arctest@informed.com", "mobile_number": "07824893361", "add_phone_number": "", "email_expiry_date": 0, "sms_expiry_date": 1519899790, "magic_link_email": "X5QEORQLUFNH", "magic_link_sms": "00387", "security_question": "test", "security_answer": "test"}}, {"model": "application.userdetails", "pk": "6e12e5c1-02ed-4439-99f1-65094a9b9cc6", "fields": {"email": "carl@carl.carl", "mobile_number": "07864647894", "add_phone_number": "", "email_expiry_date": 0, "sms_expiry_date": 1519993528, "magic_link_email": "MNEZVA0RQTHB", "magic_link_sms": "47539", "security_question": "Carl?", "security_answer": "Carl"}}, {"model": "application.userdetails", "pk": "6e7f8c18-2b38-4072-b091-f928e0e655b2", "fields": {"email": "dasfasdfgasgA@gagaskjgla.com", "mobile_number": "07783446526", "add_phone_number": "", "email_expiry_date": null, "sms_expiry_date": null, "magic_link_email": null, "magic_link_sms": null, "security_question": "asdfasdfasf", "security_answer": "asdfsdfa"}}, {"model": "application.userdetails", "pk": "7fef8699-96ba-4508-81cf-e21d2a9fe926", "fields": {"email": "rica.duchateau@informed.com", "mobile_number": "07783446526", "add_phone_number": "", "email_expiry_date": null, "sms_expiry_date": null, "magic_link_email": null, "magic_link_sms": null, "security_question": "Favourite teddy bear", "security_answer": "Dikkiedikkiedakje"}}, {"model": "application.userdetails", "pk": "803aaa0b-7b7d-4cfc-9aed-52c6a2432743", "fields": {"email": "james.cruddas@informed.com", "mobile_number": "07824893361", "add_phone_number": "07824893361", "email_expiry_date": 1519901192, "sms_expiry_date": 1519899474, "magic_link_email": "51IN85XIFAYM", "magic_link_sms": "75979", "security_question": "test", "security_answer": "test"}}, {"model": "application.userdetails", "pk": "8ee24d4e-d058-4a74-8535-f5701e946ac6", "fields": {"email": "hugo.geeves@informed.com", "mobile_number": "07864647894", "add_phone_number": "", "email_expiry_date": 1519912395, "sms_expiry_date": null, "magic_link_email": "YZRWD2TSECZ6", "magic_link_sms": null, "security_question": "Cheese?", "security_answer": "Cheese"}}, {"model": "application.userdetails", "pk": "b78ad65a-26a6-4425-ab58-e4abd8e6c57f", "fields": {"email": "", "mobile_number": "", "add_phone_number": "", "email_expiry_date": null, "sms_expiry_date": null, "magic_link_email": null, "magic_link_sms": null, "security_question": null, "security_answer": null}}, {"model": "application.userdetails", "pk": "c059e732-0677-4175-8718-05ce98e159c7", "fields": {"email": "iuhwf@ouiahsdf.com", "mobile_number": "07864647894", "add_phone_number": "", "email_expiry_date": null, "sms_expiry_date": null, "magic_link_email": null, "magic_link_sms": null, "security_question": "qsdf", "security_answer": "oiuj"}}, {"model": "application.userdetails", "pk": "d2ad36c2-9337-490e-a475-f595d3b5e533", "fields": {"email": "dafdgafgafg@fdsfasd.com", "mobile_number": "07783446526", "add_phone_number": "", "email_expiry_date": null, "sms_expiry_date": null, "magic_link_email": null, "magic_link_sms": null, "security_question": "dfasdfasdfasdf", "security_answer": "asdfasdf"}}, {"model": "application.userdetails", "pk": "d5ffa033-8b95-42b6-9fd1-b9ad3712a226", "fields": {"email": "", "mobile_number": "", "add_phone_number": "", "email_expiry_date": null, "sms_expiry_date": null, "magic_link_email": null, "magic_link_sms": null, "security_question": null, "security_answer": null}}, {"model": "application.userdetails", "pk": "df72f6d0-2ed8-452c-9a19-9d5d39dcdae8", "fields": {"email": "cruddasj@informed.com", "mobile_number": "07824893361", "add_phone_number": "", "email_expiry_date": 0, "sms_expiry_date": 1519896297, "magic_link_email": "LQMJCCI0BND5", "magic_link_sms": "06991", "security_question": "test", "security_answer": "test"}}, {"model": "application.application", "pk": "15db56ea-8295-4998-9626-ba35f67ff1dc", "fields": {"login_id": "d5ffa033-8b95-42b6-9fd1-b9ad3712a226", "application_type": "CHILDMINDER", "application_status": "DRAFTING", "cygnum_urn": "", "login_details_status": "NOT_STARTED", "personal_details_status": "NOT_STARTED", "childcare_type_status": "NOT_STARTED", "first_aid_training_status": "NOT_STARTED", "eyfs_training_status": "COMPLETED", "criminal_record_check_status": "NOT_STARTED", "health_status": "NOT_STARTED", "references_status": "NOT_STARTED", "people_in_home_status": "NOT_STARTED", "adults_in_home": null, "children_in_home": null, "children_turning_16": null, "declarations_status": "NOT_STARTED", "background_check_declare": null, "inspect_home_declare": null, "interview_declare": null, "eyfs_questions_declare": null, "information_correct_declare": null, "date_created": "2018-03-01T10:47:00.729Z", "date_updated": "2018-03-01T10:47:00.729Z", "date_accepted": null, "order_code": null, "date_submitted": null}}, {"model": "application.application", "pk": "17974a48-c4fb-493c-9c85-d6b3aa6191e7", "fields": {"login_id": "2ad7d970-da6b-4dfb-b8d2-43d4ffa08a49", "application_type": "CHILDMINDER", "application_status": "DRAFTING", "cygnum_urn": "", "login_details_status": "COMPLETED", "personal_details_status": "NOT_STARTED", "childcare_type_status": "COMPLETED", "first_aid_training_status": "NOT_STARTED", "eyfs_training_status": "COMPLETED", "criminal_record_check_status": "NOT_STARTED", "health_status": "COMPLETED", "references_status": "NOT_STARTED", "people_in_home_status": "NOT_STARTED", "adults_in_home": null, "children_in_home": null, "children_turning_16": null, "declarations_status": "NOT_STARTED", "background_check_declare": null, "inspect_home_declare": null, "interview_declare": null, "eyfs_questions_declare": null, "information_correct_declare": null, "date_created": "2018-03-01T00:02:51.881Z", "date_updated": "2018-03-01T00:30:04.512Z", "date_accepted": null, "order_code": null, "date_submitted": null}}, {"model": "application.application", "pk": "34211d35-b24c-4c47-8b14-3f4eb5a572d1", "fields": {"login_id": "d2ad36c2-9337-490e-a475-f595d3b5e533", "application_type": "CHILDMINDER", "application_status": "DRAFTING", "cygnum_urn": "", "login_details_status": "COMPLETED", "personal_details_status": "IN_PROGRESS", "childcare_type_status": "COMPLETED", "first_aid_training_status": "NOT_STARTED", "eyfs_training_status": "COMPLETED", "criminal_record_check_status": "NOT_STARTED", "health_status": "NOT_STARTED", "references_status": "NOT_STARTED", "people_in_home_status": "NOT_STARTED", "adults_in_home": null, "children_in_home": null, "children_turning_16": null, "declarations_status": "NOT_STARTED", "background_check_declare": null, "inspect_home_declare": null, "interview_declare": null, "eyfs_questions_declare": null, "information_correct_declare": null, "date_created": "2018-03-02T10:07:11.412Z", "date_updated": "2018-03-02T10:23:39.072Z", "date_accepted": null, "order_code": null, "date_submitted": null}}, {"model": "application.application", "pk": "4104ac20-02a4-47b6-bc6c-42dc476e8af2", "fields": {"login_id": "803aaa0b-7b7d-4cfc-9aed-52c6a2432743", "application_type": "CHILDMINDER", "application_status": "ARC_REVIEW", "cygnum_urn": "", "login_details_status": "COMPLETED", "personal_details_status": "COMPLETED", "childcare_type_status": "COMPLETED", "first_aid_training_status": "COMPLETED", "eyfs_training_status": "COMPLETED", "criminal_record_check_status": "COMPLETED", "health_status": "COMPLETED", "references_status": "COMPLETED", "people_in_home_status": "COMPLETED", "adults_in_home": false, "children_in_home": false, "children_turning_16": false, "declarations_status": "COMPLETED", "background_check_declare": true, "inspect_home_declare": true, "interview_declare": true, "eyfs_questions_declare": true, "information_correct_declare": true, "date_created": "2018-02-28T17:19:57.259Z", "date_updated": "2018-02-28T20:38:22.344Z", "date_accepted": null, "order_code": "4e4d2ecc-4949-4894-9069-d6e2dd65631f", "date_submitted": "2018-02-28T17:27:23.188Z"}}, {"model": "application.application", "pk": "5d73aab5-7ad5-4697-9d3f-39f99e574021", "fields": {"login_id": "7fef8699-96ba-4508-81cf-e21d2a9fe926", "application_type": "CHILDMINDER", "application_status": "DRAFTING", "cygnum_urn": "", "login_details_status": "COMPLETED", "personal_details_status": "NOT_STARTED", "childcare_type_status": "COMPLETED", "first_aid_training_status": "NOT_STARTED", "eyfs_training_status": "COMPLETED", "criminal_record_check_status": "NOT_STARTED", "health_status": "NOT_STARTED", "references_status": "IN_PROGRESS", "people_in_home_status": "NOT_STARTED", "adults_in_home": null, "children_in_home": null, "children_turning_16": null, "declarations_status": "NOT_STARTED", "background_check_declare": null, "inspect_home_declare": null, "interview_declare": null, "eyfs_questions_declare": null, "information_correct_declare": null, "date_created": "2018-03-02T10:42:49.454Z", "date_updated": "2018-03-02T14:05:50.306Z", "date_accepted": null, "order_code": null, "date_submitted": null}}, {"model": "application.application", "pk": "7a857bd9-f28a-4914-8cba-9894b31417c8", "fields": {"login_id": "c059e732-0677-4175-8718-05ce98e159c7", "application_type": "CHILDMINDER", "application_status": "ARC_REVIEW", "cygnum_urn": "", "login_details_status": "COMPLETED", "personal_details_status": "COMPLETED", "childcare_type_status": "COMPLETED", "first_aid_training_status": "COMPLETED", "eyfs_training_status": "COMPLETED", "criminal_record_check_status": "COMPLETED", "health_status": "COMPLETED", "references_status": "COMPLETED", "people_in_home_status": "COMPLETED", "adults_in_home": false, "children_in_home": false, "children_turning_16": false, "declarations_status": "COMPLETED", "background_check_declare": true, "inspect_home_declare": true, "interview_declare": true, "eyfs_questions_declare": true, "information_correct_declare": true, "date_created": "2018-02-28T18:18:26.665Z", "date_updated": "2018-02-28T18:21:17.049Z", "date_accepted": null, "order_code": "9b67f905-d117-4cbb-ba89-02ae9ec9cad0", "date_submitted": "2018-02-28T18:21:24.057Z"}}, {"model": "application.application", "pk": "7adb83de-2e65-4ead-9fe6-1f454af5887e", "fields": {"login_id": "df72f6d0-2ed8-452c-9a19-9d5d39dcdae8", "application_type": "CHILDMINDER", "application_status": "ARC_REVIEW", "cygnum_urn": "", "login_details_status": "COMPLETED", "personal_details_status": "COMPLETED", "childcare_type_status": "COMPLETED", "first_aid_training_status": "COMPLETED", "eyfs_training_status": "COMPLETED", "criminal_record_check_status": "COMPLETED", "health_status": "COMPLETED", "references_status": "COMPLETED", "people_in_home_status": "COMPLETED", "adults_in_home": false, "children_in_home": false, "children_turning_16": false, "declarations_status": "COMPLETED", "background_check_declare": true, "inspect_home_declare": true, "interview_declare": true, "eyfs_questions_declare": true, "information_correct_declare": true, "date_created": "2018-02-28T20:38:31.748Z", "date_updated": "2018-02-28T20:41:52.241Z", "date_accepted": null, "order_code": "2edce63d-674c-4245-a0d3-b017fd40a1bf", "date_submitted": "2018-02-28T20:42:36.487Z"}}, {"model": "application.application", "pk": "85b6e22d-dd57-4f37-904b-4a9ad4651822", "fields": {"login_id": "6e12e5c1-02ed-4439-99f1-65094a9b9cc6", "application_type": "CHILDMINDER", "application_status": "COMPLETE", "cygnum_urn": "", "login_details_status": "COMPLETED", "personal_details_status": "COMPLETED", "childcare_type_status": "COMPLETED", "first_aid_training_status": "COMPLETED", "eyfs_training_status": "COMPLETED", "criminal_record_check_status": "COMPLETED", "health_status": "COMPLETED", "references_status": "COMPLETED", "people_in_home_status": "COMPLETED", "adults_in_home": true, "children_in_home": true, "children_turning_16": false, "declarations_status": "NOT_STARTED", "background_check_declare": null, "inspect_home_declare": null, "interview_declare": null, "eyfs_questions_declare": null, "information_correct_declare": null, "date_created": "2018-03-01T13:53:08.815Z", "date_updated": "2018-03-02T12:27:26.389Z", "date_accepted": null, "order_code": null, "date_submitted": "2018-02-28T20:42:36.487Z"}}, {"model": "application.application", "pk": "a0be240f-2824-4cb0-9fd8-beab696ff9fc", "fields": {"login_id": "1320cd43-e401-4065-823f-5409ee93672f", "application_type": "CHILDMINDER", "application_status": "DRAFTING", "cygnum_urn": "", "login_details_status": "COMPLETED", "personal_details_status": "COMPLETED", "childcare_type_status": "COMPLETED", "first_aid_training_status": "COMPLETED", "eyfs_training_status": "COMPLETED", "criminal_record_check_status": "COMPLETED", "health_status": "COMPLETED", "references_status": "COMPLETED", "people_in_home_status": "COMPLETED", "adults_in_home": false, "children_in_home": false, "children_turning_16": false, "declarations_status": "COMPLETED", "background_check_declare": true, "inspect_home_declare": true, "interview_declare": true, "eyfs_questions_declare": true, "information_correct_declare": true, "date_created": "2018-02-28T17:55:23.823Z", "date_updated": "2018-02-28T18:12:37.053Z", "date_accepted": null, "order_code": "6e27092a-1e38-410a-9971-b4558ebc1f7c", "date_submitted": "2018-02-28T18:08:13.726Z"}}, {"model": "application.application", "pk": "a6e7899f-8294-4234-bd0e-277482a7aeca", "fields": {"login_id": "b78ad65a-26a6-4425-ab58-e4abd8e6c57f", "application_type": "CHILDMINDER", "application_status": "DRAFTING", "cygnum_urn": "", "login_details_status": "NOT_STARTED", "personal_details_status": "NOT_STARTED", "childcare_type_status": "NOT_STARTED", "first_aid_training_status": "NOT_STARTED", "eyfs_training_status": "COMPLETED", "criminal_record_check_status": "NOT_STARTED", "health_status": "NOT_STARTED", "references_status": "NOT_STARTED", "people_in_home_status": "NOT_STARTED", "adults_in_home": null, "children_in_home": null, "children_turning_16": null, "declarations_status": "NOT_STARTED", "background_check_declare": null, "inspect_home_declare": null, "interview_declare": null, "eyfs_questions_declare": null, "information_correct_declare": null, "date_created": "2018-03-01T10:39:39.290Z", "date_updated": "2018-03-01T10:39:39.290Z", "date_accepted": null, "order_code": null, "date_submitted": null}}, {"model": "application.application", "pk": "a93fbf87-d498-4036-b6af-2db3f744a5ac", "fields": {"login_id": "6e7f8c18-2b38-4072-b091-f928e0e655b2", "application_type": "CHILDMINDER", "application_status": "DRAFTING", "cygnum_urn": "", "login_details_status": "COMPLETED", "personal_details_status": "NOT_STARTED", "childcare_type_status": "COMPLETED", "first_aid_training_status": "NOT_STARTED", "eyfs_training_status": "COMPLETED", "criminal_record_check_status": "COMPLETED", "health_status": "NOT_STARTED", "references_status": "NOT_STARTED", "people_in_home_status": "NOT_STARTED", "adults_in_home": null, "children_in_home": null, "children_turning_16": null, "declarations_status": "NOT_STARTED", "background_check_declare": null, "inspect_home_declare": null, "interview_declare": null, "eyfs_questions_declare": null, "information_correct_declare": null, "date_created": "2018-02-28T17:20:19.952Z", "date_updated": "2018-02-28T17:38:26.410Z", "date_accepted": null, "order_code": null, "date_submitted": null}}, {"model": "application.application", "pk": "c280756c-1146-4d4c-a67d-1d71c35ea541", "fields": {"login_id": "0833bdaf-bf97-4490-a4f3-1e16839321ed", "application_type": "CHILDMINDER", "application_status": "DRAFTING", "cygnum_urn": "", "login_details_status": "NOT_STARTED", "personal_details_status": "NOT_STARTED", "childcare_type_status": "NOT_STARTED", "first_aid_training_status": "NOT_STARTED", "eyfs_training_status": "COMPLETED", "criminal_record_check_status": "NOT_STARTED", "health_status": "NOT_STARTED", "references_status": "NOT_STARTED", "people_in_home_status": "NOT_STARTED", "adults_in_home": null, "children_in_home": null, "children_turning_16": null, "declarations_status": "NOT_STARTED", "background_check_declare": null, "inspect_home_declare": null, "interview_declare": null, "eyfs_questions_declare": null, "information_correct_declare": null, "date_created": "2018-03-01T10:26:29.642Z", "date_updated": "2018-03-01T10:26:37.918Z", "date_accepted": null, "order_code": null, "date_submitted": null}}, {"model": "application.application", "pk": "decd1b16-b9c2-48a3-bcb5-bd0757341df8", "fields": {"login_id": "6658c330-a90a-47ea-9244-13a4bfa167fd", "application_type": "CHILDMINDER", "application_status": "ARC_REVIEW", "cygnum_urn": "", "login_details_status": "COMPLETED", "personal_details_status": "COMPLETED", "childcare_type_status": "COMPLETED", "first_aid_training_status": "COMPLETED", "eyfs_training_status": "COMPLETED", "criminal_record_check_status": "COMPLETED", "health_status": "COMPLETED", "references_status": "COMPLETED", "people_in_home_status": "COMPLETED", "adults_in_home": false, "children_in_home": false, "children_turning_16": false, "declarations_status": "COMPLETED", "background_check_declare": true, "inspect_home_declare": true, "interview_declare": true, "eyfs_questions_declare": true, "information_correct_declare": true, "date_created": "2018-03-01T10:19:45.231Z", "date_updated": "2018-03-01T10:30:37.648Z", "date_accepted": null, "order_code": "bae6f379-230d-40c6-b78f-d871cd4c8b39", "date_submitted": "2018-03-01T10:30:53.927Z"}}, {"model": "application.application", "pk": "f93a9555-b71b-4482-9b74-eb92869686f0", "fields": {"login_id": "8ee24d4e-d058-4a74-8535-f5701e946ac6", "application_type": "CHILDMINDER", "application_status": "ARC_REVIEW", "cygnum_urn": "", "login_details_status": "COMPLETED", "personal_details_status": "COMPLETED", "childcare_type_status": "COMPLETED", "first_aid_training_status": "COMPLETED", "eyfs_training_status": "COMPLETED", "criminal_record_check_status": "COMPLETED", "health_status": "COMPLETED", "references_status": "COMPLETED", "people_in_home_status": "COMPLETED", "adults_in_home": false, "children_in_home": false, "children_turning_16": false, "declarations_status": "COMPLETED", "background_check_declare": true, "inspect_home_declare": true, "interview_declare": true, "eyfs_questions_declare": true, "information_correct_declare": true, "date_created": "2018-02-28T18:12:45.263Z", "date_updated": "2018-02-28T18:15:33.104Z", "date_accepted": null, "order_code": "665372b2-e6ac-4481-be62-7270b3bedfc0", "date_submitted": "2018-02-28T18:15:37.693Z"}}, {"model": "application.childcaretype", "pk": "05686a6f-4bce-4623-82e4-f04c1eee7037", "fields": {"application_id": "17974a48-c4fb-493c-9c85-d6b3aa6191e7", "zero_to_five": true, "five_to_eight": true, "eight_plus": true}}, {"model": "application.childcaretype", "pk": "1d691286-2d08-4114-a091-5240101a09d8", "fields": {"application_id": "7a857bd9-f28a-4914-8cba-9894b31417c8", "zero_to_five": true, "five_to_eight": true, "eight_plus": false}}, {"model": "application.childcaretype", "pk": "49feb18a-ae90-4e53-9d26-b42f02d63ff5", "fields": {"application_id": "85b6e22d-dd57-4f37-904b-4a9ad4651822", "zero_to_five": true, "five_to_eight": true, "eight_plus": true}}, {"model": "application.childcaretype", "pk": "78bc71ae-f414-4f38-8a74-912db6311a64", "fields": {"application_id": "decd1b16-b9c2-48a3-bcb5-bd0757341df8", "zero_to_five": true, "five_to_eight": true, "eight_plus": false}}, {"model": "application.childcaretype", "pk": "92b4ba35-1035-4d7c-bcad-5022ae6d4ba6", "fields": {"application_id": "4104ac20-02a4-47b6-bc6c-42dc476e8af2", "zero_to_five": true, "five_to_eight": true, "eight_plus": false}}, {"model": "application.childcaretype", "pk": "b4beb170-84aa-474b-8bd4-0d429c0a262d", "fields": {"application_id": "34211d35-b24c-4c47-8b14-3f4eb5a572d1", "zero_to_five": true, "five_to_eight": true, "eight_plus": true}}, {"model": "application.childcaretype", "pk": "c7331c6a-a404-4bfd-a893-37c50e4be775", "fields": {"application_id": "f93a9555-b71b-4482-9b74-eb92869686f0", "zero_to_five": true, "five_to_eight": true, "eight_plus": false}}, {"model": "application.childcaretype", "pk": "c9b5204b-067d-4d94-b105-a282bf25c54e", "fields": {"application_id": "5d73aab5-7ad5-4697-9d3f-39f99e574021", "zero_to_five": true, "five_to_eight": true, "eight_plus": true}}, {"model": "application.childcaretype", "pk": "dcccc0fc-ec8f-48f9-95c3-de2757ae06ca", "fields": {"application_id": "a0be240f-2824-4cb0-9fd8-beab696ff9fc", "zero_to_five": true, "five_to_eight": true, "eight_plus": true}}, {"model": "application.childcaretype", "pk": "f90ad55b-1575-4641-ac1f-aab8ea582404", "fields": {"application_id": "a93fbf87-d498-4036-b6af-2db3f744a5ac", "zero_to_five": true, "five_to_eight": true, "eight_plus": true}}, {"model": "application.childcaretype", "pk": "f9956f91-c6c0-411d-bf33-fade3e0b5037", "fields": {"application_id": "7adb83de-2e65-4ead-9fe6-1f454af5887e", "zero_to_five": true, "five_to_eight": true, "eight_plus": false}}, {"model": "application.applicantpersonaldetails", "pk": "0f8ed538-1211-4b6a-a0f4-d6c5d9ff1aa8", "fields": {"application_id": "85b6e22d-dd57-4f37-904b-4a9ad4651822", "birth_day": 6, "birth_month": 8, "birth_year": 1997}}, {"model": "application.applicantpersonaldetails", "pk": "3046b174-eff6-4ae0-ac00-86e8c40ae545", "fields": {"application_id": "7a857bd9-f28a-4914-8cba-9894b31417c8", "birth_day": 7, "birth_month": 8, "birth_year": 1997}}, {"model": "application.applicantpersonaldetails", "pk": "512e22d4-d132-4686-a274-7a886183135e", "fields": {"application_id": "a0be240f-2824-4cb0-9fd8-beab696ff9fc", "birth_day": 6, "birth_month": 8, "birth_year": 1997}}, {"model": "application.applicantpersonaldetails", "pk": "5ac48bc4-e7f8-4b08-8332-4cb505efa25f", "fields": {"application_id": "decd1b16-b9c2-48a3-bcb5-bd0757341df8", "birth_day": 22, "birth_month": 1, "birth_year": 1991}}, {"model": "application.applicantpersonaldetails", "pk": "685b941a-f832-4014-b198-d33b313fea45", "fields": {"application_id": "34211d35-b24c-4c47-8b14-3f4eb5a572d1", "birth_day": 20, "birth_month": 4, "birth_year": 1995}}, {"model": "application.applicantpersonaldetails", "pk": "c3dc46ae-8f06-45c6-916e-54705763ffd2", "fields": {"application_id": "7adb83de-2e65-4ead-9fe6-1f454af5887e", "birth_day": 22, "birth_month": 1, "birth_year": 1991}}, {"model": "application.applicantpersonaldetails", "pk": "d1eacc2a-e5c6-4cae-b55e-1e9395d83ad7", "fields": {"application_id": "4104ac20-02a4-47b6-bc6c-42dc476e8af2", "birth_day": 22, "birth_month": 1, "birth_year": 1991}}, {"model": "application.applicantpersonaldetails", "pk": "f712aa4a-bece-4aaf-a73e-8fe8e7b057c4", "fields": {"application_id": "f93a9555-b71b-4482-9b74-eb92869686f0", "birth_day": 6, "birth_month": 8, "birth_year": 1997}}, {"model": "application.applicantname", "pk": "0d601f24-0dcf-4f4d-877c-804c570e30aa", "fields": {"personal_detail_id": "685b941a-f832-4014-b198-d33b313fea45", "current_name": true, "first_name": "dfasdf", "middle_names": "asdfasdf", "last_name": "asdfasd"}}, {"model": "application.applicantname", "pk": "12bd8ee3-7ace-4458-93af-a0fa2ce6c183", "fields": {"personal_detail_id": "3046b174-eff6-4ae0-ac00-86e8c40ae545", "current_name": true, "first_name": "oiuh", "middle_names": "iouh", "last_name": "oiuh"}}, {"model": "application.applicantname", "pk": "1cfbdab1-ed62-4170-9a9c-7670fe55e3fa", "fields": {"personal_detail_id": "c3dc46ae-8f06-45c6-916e-54705763ffd2", "current_name": true, "first_name": "James", "middle_names": "Phalange", "last_name": "Cruddas"}}, {"model": "application.applicantname", "pk": "63e4e042-6b78-422d-8eac-dceab2d5840c", "fields": {"personal_detail_id": "d1eacc2a-e5c6-4cae-b55e-1e9395d83ad7", "current_name": true, "first_name": "James", "middle_names": "Phalange", "last_name": "Cruddas"}}, {"model": "application.applicantname", "pk": "70edab07-a8e1-406b-b4e1-92fd42269ec0", "fields": {"personal_detail_id": "f712aa4a-bece-4aaf-a73e-8fe8e7b057c4", "current_name": true, "first_name": "Hugo", "middle_names": "Alan", "last_name": "Geeves"}}, {"model": "application.applicantname", "pk": "7e5f6738-ed9b-4c60-b1e0-681235a20b5c", "fields": {"personal_detail_id": "512e22d4-d132-4686-a274-7a886183135e", "current_name": true, "first_name": "Cheese", "middle_names": "Cheese", "last_name": "Cheese"}}, {"model": "application.applicantname", "pk": "aa41c683-949c-48e0-ad95-c5db9aa06cc8", "fields": {"personal_detail_id": "5ac48bc4-e7f8-4b08-8332-4cb505efa25f", "current_name": true, "first_name": "James", "middle_names": "", "last_name": "Cruddas"}}, {"model": "application.applicantname", "pk": "b6ec64c0-7a00-47ea-8176-2d1238bbf817", "fields": {"personal_detail_id": "0f8ed538-1211-4b6a-a0f4-d6c5d9ff1aa8", "current_name": true, "first_name": "Carl", "middle_names": "Carling", "last_name": "Carleson"}}, {"model": "application.applicanthomeaddress", "pk": "01923bb8-9d3c-4de8-aa3b-1e72a8f8b256", "fields": {"personal_detail_id": "f712aa4a-bece-4aaf-a73e-8fe8e7b057c4", "street_line1": "CHEESE, CHEESE, CHEESE, CHEESE", "street_line2": "CHEESE", "town": "CHEESE", "county": "CHEESE", "country": "United Kingdom", "postcode": "SK10 3NS", "childcare_address": true, "current_address": true, "move_in_month": 0, "move_in_year": 0}}, {"model": "application.applicanthomeaddress", "pk": "182e09f6-b6e0-4383-8908-33c1a617b34e", "fields": {"personal_detail_id": "512e22d4-d132-4686-a274-7a886183135e", "street_line1": "8 Falmouth Close", "street_line2": "CHEESE", "town": "Macclesfield", "county": "Cheshire", "country": "United Kingdom", "postcode": "SK10 3NS", "childcare_address": true, "current_address": true, "move_in_month": 0, "move_in_year": 0}}, {"model": "application.applicanthomeaddress", "pk": "752cec0e-2333-4437-afc0-3bef7f41ab60", "fields": {"personal_detail_id": "5ac48bc4-e7f8-4b08-8332-4cb505efa25f", "street_line1": "INFORMED SOLUTIONS LTD, THE OLD BANK", "street_line2": "OLD MARKET PLACE", "town": "ALTRINCHAM", "county": "", "country": "", "postcode": "WA14 4PA", "childcare_address": true, "current_address": true, "move_in_month": 0, "move_in_year": 0}}, {"model": "application.applicanthomeaddress", "pk": "7fb57017-44de-460f-a8aa-d94faf655c4c", "fields": {"personal_detail_id": "685b941a-f832-4014-b198-d33b313fea45", "street_line1": "FORTIS DEVELOPMENTS LTD, BANK HOUSE", "street_line2": " OLD MARKET PLACE", "town": "ALTRINCHAM", "county": "", "country": "", "postcode": "WA14 4PA", "childcare_address": true, "current_address": false, "move_in_month": 0, "move_in_year": 0}}, {"model": "application.applicanthomeaddress", "pk": "99a565f6-8210-4ba1-8402-d4473a95f696", "fields": {"personal_detail_id": "d1eacc2a-e5c6-4cae-b55e-1e9395d83ad7", "street_line1": "INFORMED SOLUTIONS LTD, THE OLD BANK", "street_line2": "OLD MARKET PLACE", "town": "ALTRINCHAM", "county": "", "country": "", "postcode": "WA14 4PA", "childcare_address": false, "current_address": true, "move_in_month": 0, "move_in_year": 0}}, {"model": "application.applicanthomeaddress", "pk": "9c06158b-0afe-40a2-ada8-d9d339f9d1f0", "fields": {"personal_detail_id": "685b941a-f832-4014-b198-d33b313fea45", "street_line1": "FORTIS DEVELOPMENTS LTD, BANK HOUSE", "street_line2": "OLD MARKET PLACE", "town": "ALTRINCHAM", "county": "", "country": "", "postcode": "WA14 4PA", "childcare_address": false, "current_address": true, "move_in_month": 0, "move_in_year": 0}}, {"model": "application.applicanthomeaddress", "pk": "b1177ada-034d-4e32-85d3-0781d20a903d", "fields": {"personal_detail_id": "3046b174-eff6-4ae0-ac00-86e8c40ae545", "street_line1": "p[0i9", "street_line2": "p", "town": "ojp", "county": "pi", "country": "United Kingdom", "postcode": "SK10 3NS", "childcare_address": true, "current_address": true, "move_in_month": 0, "move_in_year": 0}}, {"model": "application.applicanthomeaddress", "pk": "c7d36b5b-b1ff-469f-bffe-0b9edcb073d4", "fields": {"personal_detail_id": "d1eacc2a-e5c6-4cae-b55e-1e9395d83ad7", "street_line1": "INFORMED SOLUTIONS LTD, THE OLD BANK", "street_line2": "OLD MARKET PLACE", "town": "ALTRINCHAM", "county": "", "country": "", "postcode": "WA14 4PA", "childcare_address": true, "current_address": false, "move_in_month": 0, "move_in_year": 0}}, {"model": "application.applicanthomeaddress", "pk": "e3cb3629-9c31-48f7-85ec-3dbc67992c84", "fields": {"personal_detail_id": "0f8ed538-1211-4b6a-a0f4-d6c5d9ff1aa8", "street_line1": "INFORMED SOLUTIONS LTD, THE OLD BANK", "street_line2": "OLD MARKET PLACE", "town": "ALTRINCHAM", "county": "", "country": "", "postcode": "WA14 4PA", "childcare_address": true, "current_address": true, "move_in_month": 0, "move_in_year": 0}}, {"model": "application.applicanthomeaddress", "pk": "e3f5aecc-7f3b-47ab-b764-c532455e2392", "fields": {"personal_detail_id": "c3dc46ae-8f06-45c6-916e-54705763ffd2", "street_line1": "INFORMED SOLUTIONS LTD, THE OLD BANK", "street_line2": "OLD MARKET PLACE", "town": "ALTRINCHAM", "county": "", "country": "", "postcode": "WA14 4PA", "childcare_address": true, "current_address": true, "move_in_month": 0, "move_in_year": 0}}, {"model": "application.firstaidtraining", "pk": "45868861-77e6-4e8a-8012-eecf791ea2ff", "fields": {"application_id": "a0be240f-2824-4cb0-9fd8-beab696ff9fc", "training_organisation": "Cheese", "course_title": "Cheese", "course_day": 16, "course_month": 9, "course_year": 2017, "show_certificate": true, "renew_certificate": false}}, {"model": "application.firstaidtraining", "pk": "5956c5ce-98cc-48e6-8cbb-0ff230189715", "fields": {"application_id": "decd1b16-b9c2-48a3-bcb5-bd0757341df8", "training_organisation": "Jhghjghj", "course_title": "ghjgjhgjh", "course_day": 1, "course_month": 2, "course_year": 2018, "show_certificate": true, "renew_certificate": false}}, {"model": "application.firstaidtraining", "pk": "71706429-c117-470a-91d7-0fbef31569b2", "fields": {"application_id": "4104ac20-02a4-47b6-bc6c-42dc476e8af2", "training_organisation": "JMC Training", "course_title": "Paediatric First Aid", "course_day": 22, "course_month": 1, "course_year": 2017, "show_certificate": true, "renew_certificate": false}}, {"model": "application.firstaidtraining", "pk": "951ae720-c803-4227-a401-90fe950d61d6", "fields": {"application_id": "7adb83de-2e65-4ead-9fe6-1f454af5887e", "training_organisation": "JMC Training", "course_title": "ghjgjhgjh", "course_day": 3, "course_month": 2, "course_year": 2018, "show_certificate": true, "renew_certificate": false}}, {"model": "application.firstaidtraining", "pk": "c16f514f-9f88-4a54-9e10-b42496e1dcc4", "fields": {"application_id": "85b6e22d-dd57-4f37-904b-4a9ad4651822", "training_organisation": "Carls First aid", "course_title": "First Carl", "course_day": 6, "course_month": 8, "course_year": 2017, "show_certificate": true, "renew_certificate": false}}, {"model": "application.firstaidtraining", "pk": "cbc2360f-7a78-4939-861c-e87518e867c1", "fields": {"application_id": "f93a9555-b71b-4482-9b74-eb92869686f0", "training_organisation": "Cheese", "course_title": "Cheese", "course_day": 7, "course_month": 8, "course_year": 2017, "show_certificate": true, "renew_certificate": false}}, {"model": "application.firstaidtraining", "pk": "d7fe2f52-9c47-4924-aae8-aba80e91eac3", "fields": {"application_id": "7a857bd9-f28a-4914-8cba-9894b31417c8", "training_organisation": "poijp", "course_title": "oij", "course_day": 7, "course_month": 8, "course_year": 2017, "show_certificate": true, "renew_certificate": false}}, {"model": "application.firstaidtraining", "pk": "d89cdcfd-6cb9-4f53-9a52-d037444b70d0", "fields": {"application_id": "17974a48-c4fb-493c-9c85-d6b3aa6191e7", "training_organisation": "asdfwdfasasdfasasf", "course_title": "asdfasdf", "course_day": 1, "course_month": 1, "course_year": 2000, "show_certificate": false, "renew_certificate": false}}, {"model": "application.criminalrecordcheck", "pk": "08d7da02-8fe6-47e1-b2d0-c7c60598dfee", "fields": {"application_id": "4104ac20-02a4-47b6-bc6c-42dc476e8af2", "dbs_certificate_number": "121212121212", "cautions_convictions": false, "send_certificate_declare": null}}, {"model": "application.criminalrecordcheck", "pk": "0c552f7b-d082-4995-82c8-45daa7c6a187", "fields": {"application_id": "decd1b16-b9c2-48a3-bcb5-bd0757341df8", "dbs_certificate_number": "121212121212", "cautions_convictions": false, "send_certificate_declare": null}}, {"model": "application.criminalrecordcheck", "pk": "150ed513-ab5c-434e-bc58-45f78034cea8", "fields": {"application_id": "a0be240f-2824-4cb0-9fd8-beab696ff9fc", "dbs_certificate_number": "123456654321", "cautions_convictions": false, "send_certificate_declare": null}}, {"model": "application.criminalrecordcheck", "pk": "319446b0-07f3-4b91-97f3-af1ef04fcbd9", "fields": {"application_id": "f93a9555-b71b-4482-9b74-eb92869686f0", "dbs_certificate_number": "123456654321", "cautions_convictions": false, "send_certificate_declare": null}}, {"model": "application.criminalrecordcheck", "pk": "8cf319d6-f3a1-4fb0-929f-fd65cc8ab3bc", "fields": {"application_id": "7a857bd9-f28a-4914-8cba-9894b31417c8", "dbs_certificate_number": "123456654321", "cautions_convictions": false, "send_certificate_declare": null}}, {"model": "application.criminalrecordcheck", "pk": "cb77997e-74ad-458a-908c-4917db3a6345", "fields": {"application_id": "a93fbf87-d498-4036-b6af-2db3f744a5ac", "dbs_certificate_number": "123456654321", "cautions_convictions": true, "send_certificate_declare": true}}, {"model": "application.criminalrecordcheck", "pk": "e3ba5951-bd8f-419c-b815-6fe4b7a8e4f8", "fields": {"application_id": "7adb83de-2e65-4ead-9fe6-1f454af5887e", "dbs_certificate_number": "121212121212", "cautions_convictions": false, "send_certificate_declare": null}}, {"model": "application.criminalrecordcheck", "pk": "ea8d8776-b08c-4acc-a465-ff2fb5b1fd53", "fields": {"application_id": "85b6e22d-dd57-4f37-904b-4a9ad4651822", "dbs_certificate_number": "123456654321", "cautions_convictions": false, "send_certificate_declare": null}}, {"model": "application.healthdeclarationbooklet", "pk": "34017973-2a8a-4847-93d0-93b1ce6fe665", "fields": {"application_id": "17974a48-c4fb-493c-9c85-d6b3aa6191e7", "send_hdb_declare": true}}, {"model": "application.healthdeclarationbooklet", "pk": "6a86ee6d-775c-4f56-9642-3c63d0d2708c", "fields": {"application_id": "decd1b16-b9c2-48a3-bcb5-bd0757341df8", "send_hdb_declare": true}}, {"model": "application.healthdeclarationbooklet", "pk": "6ca0ac9e-af01-4b48-aaf6-e5a97f984e50", "fields": {"application_id": "4104ac20-02a4-47b6-bc6c-42dc476e8af2", "send_hdb_declare": true}}, {"model": "application.healthdeclarationbooklet", "pk": "a21cfc84-d8aa-4cf7-bef2-aa70ca427775", "fields": {"application_id": "f93a9555-b71b-4482-9b74-eb92869686f0", "send_hdb_declare": true}}, {"model": "application.healthdeclarationbooklet", "pk": "a38cc8db-5963-4a0b-8212-471aaec14252", "fields": {"application_id": "a0be240f-2824-4cb0-9fd8-beab696ff9fc", "send_hdb_declare": true}}, {"model": "application.healthdeclarationbooklet", "pk": "a3c2cd2e-fd00-4867-b900-da3d26e9a4b3", "fields": {"application_id": "85b6e22d-dd57-4f37-904b-4a9ad4651822", "send_hdb_declare": true}}, {"model": "application.healthdeclarationbooklet", "pk": "afd0fd01-0519-4aae-bc97-ad914ac3aa0b", "fields": {"application_id": "7a857bd9-f28a-4914-8cba-9894b31417c8", "send_hdb_declare": true}}, {"model": "application.healthdeclarationbooklet", "pk": "bcfa28d2-6a17-4cd0-9348-893de11b1234", "fields": {"application_id": "7adb83de-2e65-4ead-9fe6-1f454af5887e", "send_hdb_declare": true}}, {"model": "application.reference", "pk": "060b8cdd-5ea8-42d9-aec4-f92498f7f2ae", "fields": {"application_id": "decd1b16-b9c2-48a3-bcb5-bd0757341df8", "reference": 2, "first_name": "James", "last_name": "Cruddas", "relationship": "jkhkjhkjh", "years_known": 2, "months_known": 2, "street_line1": "INFORMED SOLUTIONS LTD, THE OLD BANK", "street_line2": "OLD MARKET PLACE", "town": "ALTRINCHAM", "county": "", "country": "United Kingdom", "postcode": "WA14 4PA", "phone_number": "07791618129", "email": "james.cruddas@informed.com"}}, {"model": "application.reference", "pk": "0641ee2c-fac1-4d3b-b247-169556bef4d5", "fields": {"application_id": "decd1b16-b9c2-48a3-bcb5-bd0757341df8", "reference": 1, "first_name": "James", "last_name": "Cruddas", "relationship": "jkhkjhkjh", "years_known": 2, "months_known": 2, "street_line1": "INFORMED SOLUTIONS LTD, THE OLD BANK", "street_line2": "OLD MARKET PLACE", "town": "ALTRINCHAM", "county": "", "country": "United Kingdom", "postcode": "WA14 4PA", "phone_number": "07791618129", "email": "james.cruddas@informed.com"}}, {"model": "application.reference", "pk": "13cd97f8-ac5b-4350-ac3d-d1665309d218", "fields": {"application_id": "85b6e22d-dd57-4f37-904b-4a9ad4651822", "reference": 1, "first_name": "Hugo", "last_name": "Geeves", "relationship": "Myself", "years_known": 6, "months_known": 6, "street_line1": "INFORMED SOLUTIONS LTD, THE OLD BANK", "street_line2": "OLD MARKET PLACE", "town": "ALTRINCHAM", "county": "", "country": "United Kingdom", "postcode": "WA14 4PA", "phone_number": "07864647894", "email": "hugo.geeves@informed.com"}}, {"model": "application.reference", "pk": "39126f0a-8c88-4d47-81af-eb3fe11b91e1", "fields": {"application_id": "7a857bd9-f28a-4914-8cba-9894b31417c8", "reference": 1, "first_name": "oiuyh", "last_name": "oiuh", "relationship": "oiuh", "years_known": 6, "months_known": 6, "street_line1": "FORTIS DEVELOPMENTS LTD, BANK HOUSE", "street_line2": "OLD MARKET PLACE", "town": "ALTRINCHAM", "county": "", "country": "United Kingdom", "postcode": "WA14 4PA", "phone_number": "07864647894", "email": "hugo.geeves@informed.com"}}, {"model": "application.reference", "pk": "4345a176-d6c6-4fa8-89b3-2fdabbce3011", "fields": {"application_id": "a0be240f-2824-4cb0-9fd8-beab696ff9fc", "reference": 2, "first_name": "CHEESE", "last_name": "CHEESE", "relationship": "CHEESE", "years_known": 2, "months_known": 2, "street_line1": "CHEESE, CHEESE, CHEESE", "street_line2": "CHEESE", "town": "CHEESE", "county": "CHEESE", "country": "CHEESE", "postcode": "SK10 3NS", "phone_number": "07864647894", "email": "hugo.geeves@informed.com"}}, {"model": "application.reference", "pk": "4a461788-a589-43fd-8ebf-f5c68755c91d", "fields": {"application_id": "5d73aab5-7ad5-4697-9d3f-39f99e574021", "reference": 1, "first_name": "Rica", "last_name": "Duchateau", "relationship": "fasfasf", "years_known": 1, "months_known": 1, "street_line1": "FORTIS DEVELOPMENTS LTD, BANK HOUSE", "street_line2": "OLD MARKET PLACE", "town": "ALTRINCHAM", "county": "Cheshire", "country": "United Kingdom", "postcode": "WA14 4PA", "phone_number": "", "email": ""}}, {"model": "application.reference", "pk": "6ebf7790-a216-438b-831e-30d58d61e6bf", "fields": {"application_id": "4104ac20-02a4-47b6-bc6c-42dc476e8af2", "reference": 2, "first_name": "James", "last_name": "Cruddas", "relationship": "jkhkjhkjh", "years_known": 2, "months_known": 2, "street_line1": "FORTIS DEVELOPMENTS LTD, BANK HOUSE", "street_line2": "OLD MARKET PLACE", "town": "ALTRINCHAM", "county": "", "country": "United Kingdom", "postcode": "WA14 4PA", "phone_number": "07791618129", "email": "james.cruddas@informed.com"}}, {"model": "application.reference", "pk": "6fcff7a3-9563-4275-be16-ba5f5f9db374", "fields": {"application_id": "f93a9555-b71b-4482-9b74-eb92869686f0", "reference": 1, "first_name": "efiuh", "last_name": "oiuhj", "relationship": "iouph", "years_known": 5, "months_known": 5, "street_line1": "o98", "street_line2": "hoih", "town": "oiuhoi", "county": "uh", "country": "United Kingdom", "postcode": "SK10 3NS", "phone_number": "07864647894", "email": "hugo.geeves@informed.com"}}, {"model": "application.reference", "pk": "719d9621-a7db-40fa-8673-263cc70dcb3e", "fields": {"application_id": "a0be240f-2824-4cb0-9fd8-beab696ff9fc", "reference": 1, "first_name": "CHEESE", "last_name": "Che", "relationship": "Cheese", "years_known": 4, "months_known": 4, "street_line1": "CHEESE, CHEESE, CHEESE", "street_line2": "CHEESE", "town": "CHEESE", "county": "CHEESE", "country": "CHEESE", "postcode": "CHEESE", "phone_number": "07864647894", "email": "hugo.geeves@informed.com"}}, {"model": "application.reference", "pk": "87512c38-cc0e-4346-a65f-f0478d5347a5", "fields": {"application_id": "7adb83de-2e65-4ead-9fe6-1f454af5887e", "reference": 1, "first_name": "James", "last_name": "Cruddas", "relationship": "jkhkjhkjh", "years_known": 1, "months_known": 1, "street_line1": "INFORMED SOLUTIONS LTD, THE OLD BANK", "street_line2": "OLD MARKET PLACE", "town": "ALTRINCHAM", "county": "", "country": "United Kingdom", "postcode": "WA14 4PA", "phone_number": "07791618129", "email": "james.cruddas@informed.com"}}, {"model": "application.reference", "pk": "afb8e81a-cbe0-4481-91eb-1339ca0d0c2f", "fields": {"application_id": "7adb83de-2e65-4ead-9fe6-1f454af5887e", "reference": 2, "first_name": "James", "last_name": "Cruddas", "relationship": "jkhkjhkjh", "years_known": 1, "months_known": 1, "street_line1": "INFORMED SOLUTIONS LTD, THE OLD BANK", "street_line2": "OLD MARKET PLACE", "town": "ALTRINCHAM", "county": "", "country": "United Kingdom", "postcode": "WA14 4PA", "phone_number": "07791618129", "email": "james.cruddas@informed.com"}}, {"model": "application.reference", "pk": "b9f3dd3e-d023-423d-b971-5977f56c620e", "fields": {"application_id": "f93a9555-b71b-4482-9b74-eb92869686f0", "reference": 2, "first_name": "oiuh", "last_name": "oiuho", "relationship": "iuhoi", "years_known": 6, "months_known": 6, "street_line1": "8 Falmouth Close", "street_line2": "", "town": "Macclesfield", "county": "Cheshire", "country": "United Kingdom", "postcode": "SK10 3NS", "phone_number": "07864647894", "email": "hugo.geeves@informed.com"}}, {"model": "application.reference", "pk": "c353813a-7820-45b1-a281-f968118c3c2e", "fields": {"application_id": "7a857bd9-f28a-4914-8cba-9894b31417c8", "reference": 2, "first_name": "Hugo", "last_name": "iuh", "relationship": "oiuh", "years_known": 6, "months_known": 6, "street_line1": "FORTIS DEVELOPMENTS LTD, BANK HOUSE", "street_line2": "OLD MARKET PLACE", "town": "ALTRINCHAM", "county": "", "country": "United Kingdom", "postcode": "WA14 4PA", "phone_number": "07864647894", "email": "hugo.geeves@informed.com"}}, {"model": "application.reference", "pk": "df075b41-9c0a-488d-b638-af4356056e7c", "fields": {"application_id": "4104ac20-02a4-47b6-bc6c-42dc476e8af2", "reference": 1, "first_name": "Amy", "last_name": "Cruddas", "relationship": "Teacher", "years_known": 2, "months_known": 2, "street_line1": "FORTIS DEVELOPMENTS LTD, BANK HOUSE", "street_line2": "OLD MARKET PLACE", "town": "ALTRINCHAM", "county": "", "country": "United Kingdom", "postcode": "WA14 4PA", "phone_number": "07791618129", "email": "james.cruddas@informed.com"}}, {"model": "application.reference", "pk": "f285e5ab-b50c-4bce-a810-b7fb5cbca28e", "fields": {"application_id": "85b6e22d-dd57-4f37-904b-4a9ad4651822", "reference": 2, "first_name": "Hugo", "last_name": "Geeves", "relationship": "Myself", "years_known": 6, "months_known": 6, "street_line1": "INFORMED SOLUTIONS LTD, THE OLD BANK", "street_line2": "OLD MARKET PLACE", "town": "ALTRINCHAM", "county": "", "country": "United Kingdom", "postcode": "WA14 4PA", "phone_number": "07864647894", "email": "hugo.geeves@informed.com"}}, {"model": "application.adultinhome", "pk": "6a5a7027-1c87-4bb5-9775-92044c8604cd", "fields": {"application_id": "85b6e22d-dd57-4f37-904b-4a9ad4651822", "adult": 1, "first_name": "Carlita", "middle_names": "Carliting", "last_name": "Carlson", "birth_day": 6, "birth_month": 8, "birth_year": 1997, "relationship": "Carl", "dbs_certificate_number": "123456654321", "permission_declare": true}}, {"model": "application.adultinhome", "pk": "d80d2c08-2fd4-4492-815c-8a4b4b130215", "fields": {"application_id": "85b6e22d-dd57-4f37-904b-4a9ad4651822", "adult": 2, "first_name": "q", "middle_names": "fiuvdwhq", "last_name": "w", "birth_day": 6, "birth_month": 8, "birth_year": 1997, "relationship": "liulhyi", "dbs_certificate_number": "123456654321", "permission_declare": true}}, {"model": "application.childinhome", "pk": "5a125965-0237-43b0-b43c-3497279ef82f", "fields": {"application_id": "85b6e22d-dd57-4f37-904b-4a9ad4651822", "child": 1, "first_name": "Carl Jr", "middle_names": "Carling", "last_name": "Carlson", "birth_day": 6, "birth_month": 8, "birth_year": 2003, "relationship": "Carl"}}]